[
    {
        "model": "distrochooser.category",
        "pk": 13,
        "fields": {
            "msgid": "software-use-case",
            "index": 0,
            "iconClass": "w-icon-bar-chart"
        }
    },
    {
        "model": "distrochooser.category",
        "pk": 14,
        "fields": {
            "msgid": "computer-knowledge-category",
            "index": 1,
            "iconClass": "w-icon-laptop"
        }
    },
    {
        "model": "distrochooser.category",
        "pk": 15,
        "fields": {
            "msgid": "linux-knowledge-category",
            "index": 2,
            "iconClass": "w-icon-menu"
        }
    },
    {
        "model": "distrochooser.category",
        "pk": 16,
        "fields": {
            "msgid": "presets-category",
            "index": 3,
            "iconClass": "w-icon-menu"
        }
    },
    {
        "model": "distrochooser.category",
        "pk": 17,
        "fields": {
            "msgid": "hardware-category",
            "index": 4,
            "iconClass": "w-icon-component"
        }
    },
    {
        "model": "distrochooser.category",
        "pk": 18,
        "fields": {
            "msgid": "help-category",
            "index": 5,
            "iconClass": "w-icon-question-circle-o"
        }
    },
    {
        "model": "distrochooser.category",
        "pk": 19,
        "fields": {
            "msgid": "ux-concept-category",
            "index": 6,
            "iconClass": "w-icon-windows"
        }
    },
    {
        "model": "distrochooser.category",
        "pk": 20,
        "fields": {
            "msgid": "price-category",
            "index": 7,
            "iconClass": "w-icon-shopping-cart"
        }
    },
    {
        "model": "distrochooser.category",
        "pk": 21,
        "fields": {
            "msgid": "scope-category",
            "index": 8,
            "iconClass": "w-icon-appstore"
        }
    },
    {
        "model": "distrochooser.category",
        "pk": 22,
        "fields": {
            "msgid": "ideology-category",
            "index": 9,
            "iconClass": "w-icon-global"
        }
    },
    {
        "model": "distrochooser.category",
        "pk": 23,
        "fields": {
            "msgid": "privacy-category",
            "index": 10,
            "iconClass": "w-icon-safety"
        }
    },
    {
        "model": "distrochooser.category",
        "pk": 25,
        "fields": {
            "msgid": "software-admin-category",
            "index": 11,
            "iconClass": "w-icon-setting-o"
        }
    },
    {
        "model": "distrochooser.category",
        "pk": 26,
        "fields": {
            "msgid": "software-updates-category",
            "index": 12,
            "iconClass": "w-icon-cloud-download-o"
        }
    },
    {
        "model": "distrochooser.question",
        "pk": 13,
        "fields": {
            "msgid": "software-use-case-question",
            "category": 13,
            "additionalInfo": null,
            "isMultipleChoice": true,
            "isMediaQuestion": false
        }
    },
    {
        "model": "distrochooser.question",
        "pk": 14,
        "fields": {
            "msgid": "computer-knowledge-question",
            "category": 14,
            "additionalInfo": null,
            "isMultipleChoice": false,
            "isMediaQuestion": false
        }
    },
    {
        "model": "distrochooser.question",
        "pk": 15,
        "fields": {
            "msgid": "linux-knowledge-question",
            "category": 15,
            "additionalInfo": null,
            "isMultipleChoice": false,
            "isMediaQuestion": false
        }
    },
    {
        "model": "distrochooser.question",
        "pk": 16,
        "fields": {
            "msgid": "presets-question",
            "category": 16,
            "additionalInfo": null,
            "isMultipleChoice": true,
            "isMediaQuestion": false
        }
    },
    {
        "model": "distrochooser.question",
        "pk": 17,
        "fields": {
            "msgid": "hardware-question",
            "category": 17,
            "additionalInfo": "additional-info-hardware",
            "isMultipleChoice": false,
            "isMediaQuestion": false
        }
    },
    {
        "model": "distrochooser.question",
        "pk": 18,
        "fields": {
            "msgid": "help-question",
            "category": 18,
            "additionalInfo": null,
            "isMultipleChoice": false,
            "isMediaQuestion": false
        }
    },
    {
        "model": "distrochooser.question",
        "pk": 19,
        "fields": {
            "msgid": "ux-concept-question",
            "category": 19,
            "additionalInfo": null,
            "isMultipleChoice": true,
            "isMediaQuestion": true
        }
    },
    {
        "model": "distrochooser.question",
        "pk": 20,
        "fields": {
            "msgid": "price-question",
            "category": 20,
            "additionalInfo": null,
            "isMultipleChoice": false,
            "isMediaQuestion": false
        }
    },
    {
        "model": "distrochooser.question",
        "pk": 21,
        "fields": {
            "msgid": "scope-question",
            "category": 21,
            "additionalInfo": null,
            "isMultipleChoice": false,
            "isMediaQuestion": false
        }
    },
    {
        "model": "distrochooser.question",
        "pk": 22,
        "fields": {
            "msgid": "ideology-question",
            "category": 22,
            "additionalInfo": "additional-info-ideology",
            "isMultipleChoice": false,
            "isMediaQuestion": false
        }
    },
    {
        "model": "distrochooser.question",
        "pk": 23,
        "fields": {
            "msgid": "privacy-question",
            "category": 23,
            "additionalInfo": null,
            "isMultipleChoice": false,
            "isMediaQuestion": false
        }
    },
    {
        "model": "distrochooser.question",
        "pk": 25,
        "fields": {
            "msgid": "software-admin-question",
            "category": 25,
            "additionalInfo": "additional-info-special-features-qestion",
            "isMultipleChoice": true,
            "isMediaQuestion": false
        }
    },
    {
        "model": "distrochooser.question",
        "pk": 26,
        "fields": {
            "msgid": "software-updates-question",
            "category": 26,
            "additionalInfo": null,
            "isMultipleChoice": false,
            "isMediaQuestion": false
        }
    },
    {
        "model": "distrochooser.answer",
        "pk": 33,
        "fields": {
            "msgid": "software-use-case-answer-daily",
            "question": 13,
            "mediaSourcePath": null,
            "isDisabled": false,
            "orderIndex": 0,
            "blockedAnswers": []
        }
    },
    {
        "model": "distrochooser.answer",
        "pk": 34,
        "fields": {
            "msgid": "software-use-case-anonymous-answer",
            "question": 13,
            "mediaSourcePath": null,
            "isDisabled": false,
            "orderIndex": 0,
            "blockedAnswers": []
        }
    },
    {
        "model": "distrochooser.answer",
        "pk": 35,
        "fields": {
            "msgid": "software-use-case-answer-gaming",
            "question": 13,
            "mediaSourcePath": null,
            "isDisabled": false,
            "orderIndex": 0,
            "blockedAnswers": [
                34
            ]
        }
    },
    {
        "model": "distrochooser.answer",
        "pk": 36,
        "fields": {
            "msgid": "computer-knowledge-answer-beginner",
            "question": 14,
            "mediaSourcePath": "",
            "isDisabled": false,
            "orderIndex": 1,
            "blockedAnswers": []
        }
    },
    {
        "model": "distrochooser.answer",
        "pk": 37,
        "fields": {
            "msgid": "computer-knowledge-answer-advanced",
            "question": 14,
            "mediaSourcePath": "",
            "isDisabled": false,
            "orderIndex": 2,
            "blockedAnswers": []
        }
    },
    {
        "model": "distrochooser.answer",
        "pk": 38,
        "fields": {
            "msgid": "computer-knowledge-answer-professional",
            "question": 14,
            "mediaSourcePath": "",
            "isDisabled": false,
            "orderIndex": 3,
            "blockedAnswers": []
        }
    },
    {
        "model": "distrochooser.answer",
        "pk": 39,
        "fields": {
            "msgid": "linux-knowledge-answer-beginner",
            "question": 15,
            "mediaSourcePath": "",
            "isDisabled": false,
            "orderIndex": 1,
            "blockedAnswers": []
        }
    },
    {
        "model": "distrochooser.answer",
        "pk": 40,
        "fields": {
            "msgid": "linux-knowledge-answer-advanced",
            "question": 15,
            "mediaSourcePath": "",
            "isDisabled": false,
            "orderIndex": 2,
            "blockedAnswers": [
                36
            ]
        }
    },
    {
        "model": "distrochooser.answer",
        "pk": 41,
        "fields": {
            "msgid": "linux-knowledge-answer-professional",
            "question": 15,
            "mediaSourcePath": "",
            "isDisabled": false,
            "orderIndex": 3,
            "blockedAnswers": [
                36,
                37
            ]
        }
    },
    {
        "model": "distrochooser.answer",
        "pk": 42,
        "fields": {
            "msgid": "presets-question-answer-manypresets",
            "question": 16,
            "mediaSourcePath": null,
            "isDisabled": false,
            "orderIndex": 0,
            "blockedAnswers": []
        }
    },
    {
        "model": "distrochooser.answer",
        "pk": 43,
        "fields": {
            "msgid": "presets-question-answer-ownselection",
            "question": 16,
            "mediaSourcePath": null,
            "isDisabled": false,
            "orderIndex": 0,
            "blockedAnswers": []
        }
    },
    {
        "model": "distrochooser.answer",
        "pk": 44,
        "fields": {
            "msgid": "presets-question-answer-guiselections",
            "question": 16,
            "mediaSourcePath": null,
            "isDisabled": false,
            "orderIndex": 0,
            "blockedAnswers": []
        }
    },
    {
        "model": "distrochooser.answer",
        "pk": 45,
        "fields": {
            "msgid": "hardware-question-oldpc",
            "question": 17,
            "mediaSourcePath": null,
            "isDisabled": false,
            "orderIndex": 0,
            "blockedAnswers": []
        }
    },
    {
        "model": "distrochooser.answer",
        "pk": 46,
        "fields": {
            "msgid": "hardware-question-newpc",
            "question": 17,
            "mediaSourcePath": null,
            "isDisabled": false,
            "orderIndex": 0,
            "blockedAnswers": []
        }
    },
    {
        "model": "distrochooser.answer",
        "pk": 47,
        "fields": {
            "msgid": "help-question-tutorials",
            "question": 18,
            "mediaSourcePath": null,
            "isDisabled": false,
            "orderIndex": 0,
            "blockedAnswers": []
        }
    },
    {
        "model": "distrochooser.answer",
        "pk": 48,
        "fields": {
            "msgid": "help-question-user-exchange",
            "question": 18,
            "mediaSourcePath": null,
            "isDisabled": false,
            "orderIndex": 0,
            "blockedAnswers": []
        }
    },
    {
        "model": "distrochooser.answer",
        "pk": 49,
        "fields": {
            "msgid": "ux-concept-answer-windows-like",
            "question": 19,
            "mediaSourcePath": "https://de.wikipedia.org/wiki/Microsoft_Windows_10#/media/Datei:Windows10abstract.png",
            "isDisabled": false,
            "orderIndex": 0,
            "blockedAnswers": []
        }
    },
    {
        "model": "distrochooser.answer",
        "pk": 50,
        "fields": {
            "msgid": "ux-concept-answer-mac-like",
            "question": 19,
            "mediaSourcePath": "https://en.wikipedia.org/wiki/MacOS_Catalina#/media/File:MacOS_Catalina_Desktop.png",
            "isDisabled": false,
            "orderIndex": 0,
            "blockedAnswers": []
        }
    },
    {
        "model": "distrochooser.answer",
        "pk": 51,
        "fields": {
            "msgid": "ux-concept-closed-expierience",
            "question": 19,
            "mediaSourcePath": "",
            "isDisabled": true,
            "orderIndex": 0,
            "blockedAnswers": []
        }
    },
    {
        "model": "distrochooser.answer",
        "pk": 52,
        "fields": {
            "msgid": "price-answer-free",
            "question": 20,
            "mediaSourcePath": null,
            "isDisabled": false,
            "orderIndex": 0,
            "blockedAnswers": []
        }
    },
    {
        "model": "distrochooser.answer",
        "pk": 53,
        "fields": {
            "msgid": "price-answer-paid",
            "question": 20,
            "mediaSourcePath": null,
            "isDisabled": false,
            "orderIndex": 0,
            "blockedAnswers": []
        }
    },
    {
        "model": "distrochooser.answer",
        "pk": 54,
        "fields": {
            "msgid": "scope-answer-fullinstall",
            "question": 21,
            "mediaSourcePath": null,
            "isDisabled": false,
            "orderIndex": 0,
            "blockedAnswers": []
        }
    },
    {
        "model": "distrochooser.answer",
        "pk": 55,
        "fields": {
            "msgid": "scope-answer-ownselection",
            "question": 21,
            "mediaSourcePath": null,
            "isDisabled": false,
            "orderIndex": 0,
            "blockedAnswers": []
        }
    },
    {
        "model": "distrochooser.answer",
        "pk": 56,
        "fields": {
            "msgid": "ideology-answer-free",
            "question": 22,
            "mediaSourcePath": null,
            "isDisabled": false,
            "orderIndex": 0,
            "blockedAnswers": []
        }
    },
    {
        "model": "distrochooser.answer",
        "pk": 57,
        "fields": {
            "msgid": "ideology-answer-proprietary-ok",
            "question": 22,
            "mediaSourcePath": null,
            "isDisabled": false,
            "orderIndex": 0,
            "blockedAnswers": []
        }
    },
    {
        "model": "distrochooser.answer",
        "pk": 58,
        "fields": {
            "msgid": "privacy-answer-highprivacy",
            "question": 23,
            "mediaSourcePath": null,
            "isDisabled": false,
            "orderIndex": 0,
            "blockedAnswers": []
        }
    },
    {
        "model": "distrochooser.answer",
        "pk": 59,
        "fields": {
            "msgid": "privacy-answer-services-ok",
            "question": 23,
            "mediaSourcePath": null,
            "isDisabled": false,
            "orderIndex": 0,
            "blockedAnswers": []
        }
    },
    {
        "model": "distrochooser.answer",
        "pk": 60,
        "fields": {
            "msgid": "software-admin-answer-appstore",
            "question": 25,
            "mediaSourcePath": null,
            "isDisabled": false,
            "orderIndex": 0,
            "blockedAnswers": []
        }
    },
    {
        "model": "distrochooser.answer",
        "pk": 61,
        "fields": {
            "msgid": "software-admin-answer-console",
            "question": 25,
            "mediaSourcePath": null,
            "isDisabled": false,
            "orderIndex": 0,
            "blockedAnswers": [
                36,
                39
            ]
        }
    },
    {
        "model": "distrochooser.answer",
        "pk": 62,
        "fields": {
            "msgid": "software-updates-answer-fast",
            "question": 26,
            "mediaSourcePath": null,
            "isDisabled": false,
            "orderIndex": 0,
            "blockedAnswers": []
        }
    },
    {
        "model": "distrochooser.answer",
        "pk": 63,
        "fields": {
            "msgid": "software-updates-answer-slow",
            "question": 26,
            "mediaSourcePath": null,
            "isDisabled": false,
            "orderIndex": 0,
            "blockedAnswers": []
        }
    },
    {
        "model": "distrochooser.answer",
        "pk": 64,
        "fields": {
            "msgid": "answer-avoid-systemd",
            "question": 25,
            "mediaSourcePath": null,
            "isDisabled": false,
            "orderIndex": 0,
            "blockedAnswers": []
        }
    },
    {
        "model": "distrochooser.answer",
        "pk": 65,
        "fields": {
            "msgid": "software-use-case-isolation",
            "question": 13,
            "mediaSourcePath": null,
            "isDisabled": false,
            "orderIndex": 0,
            "blockedAnswers": [
                36,
                39,
                59
            ]
        }
    },
    {
        "model": "distrochooser.answer",
        "pk": 66,
        "fields": {
            "msgid": "software-use-case-blind",
            "question": 13,
            "mediaSourcePath": null,
            "isDisabled": false,
            "orderIndex": 0,
            "blockedAnswers": []
        }
    },
    {
        "model": "distrochooser.answer",
        "pk": 67,
        "fields": {
            "msgid": "live-mode-only",
            "question": 13,
            "mediaSourcePath": "",
            "isDisabled": false,
            "orderIndex": 0,
            "blockedAnswers": []
        }
    },
    {
        "model": "distrochooser.distribution",
        "pk": 1,
        "fields": {
            "name": "Ubuntu",
            "identifier": "ubuntu",
            "fgColor": "#FFFFFF",
            "bgColor": "#E95420",
            "logo": "",
            "url": "https://ubuntu.com"
        }
    },
    {
        "model": "distrochooser.distribution",
        "pk": 2,
        "fields": {
            "name": "Debian",
            "identifier": "debian",
            "fgColor": "white",
            "bgColor": "#d70a53",
            "logo": "",
            "url": "https://debian.org"
        }
    },
    {
        "model": "distrochooser.distribution",
        "pk": 3,
        "fields": {
            "name": "Tails",
            "identifier": "tails",
            "fgColor": "white",
            "bgColor": "#56347c",
            "logo": "",
            "url": "https://tails.boum.org/"
        }
    },
    {
        "model": "distrochooser.distribution",
        "pk": 4,
        "fields": {
            "name": "Devuan",
            "identifier": "devuan",
            "fgColor": "#662984",
            "bgColor": "#E5EDB0",
            "logo": "",
            "url": "https://devuan.org/"
        }
    },
    {
        "model": "distrochooser.distribution",
        "pk": 5,
        "fields": {
            "name": "Arch",
            "identifier": "arch",
            "fgColor": "white",
            "bgColor": "#08c",
            "logo": "",
            "url": "https://www.archlinux.org/"
        }
    },
    {
        "model": "distrochooser.distribution",
        "pk": 6,
        "fields": {
            "name": "Linux Mint",
            "identifier": "mint",
            "fgColor": "white",
            "bgColor": "#a4e265",
            "logo": "",
            "url": "https://www.linuxmint.com/"
        }
    },
    {
        "model": "distrochooser.distribution",
        "pk": 7,
        "fields": {
            "name": "openSuse",
            "identifier": "opensuse",
            "fgColor": "#35b9ab",
            "bgColor": "#173f4f",
            "logo": "",
            "url": "https://www.opensuse.org/"
        }
    },
    {
        "model": "distrochooser.distribution",
        "pk": 8,
        "fields": {
            "name": "Solus",
            "identifier": "solus",
            "fgColor": "white",
            "bgColor": "#5294E2",
            "logo": "",
            "url": "https://getsol.us/home/"
        }
    },
    {
        "model": "distrochooser.distribution",
        "pk": 9,
        "fields": {
            "name": "Manjaro",
            "identifier": "manjaro",
            "fgColor": "white",
            "bgColor": "#34be5b",
            "logo": "",
            "url": "https://manjaro.org"
        }
    },
    {
        "model": "distrochooser.distribution",
        "pk": 10,
        "fields": {
            "name": "PCLinuxOS",
            "identifier": "pclinuxos",
            "fgColor": "white",
            "bgColor": "black",
            "logo": "",
            "url": "http://www.pclinuxos.com/"
        }
    },
    {
        "model": "distrochooser.distribution",
        "pk": 11,
        "fields": {
            "name": "Rocky Linux",
            "identifier": "rocky",
            "fgColor": "white",
            "bgColor": "#10b981",
            "logo": "",
            "url": "https://rockylinux.org/"
        }
    },
    {
        "model": "distrochooser.distribution",
        "pk": 12,
        "fields": {
            "name": "Red Hat Enterprise Linux",
            "identifier": "rhel",
            "fgColor": "white",
            "bgColor": "#cf0000",
            "logo": "",
            "url": "https://www.redhat.com/de/technologies/linux-platforms/enterprise-linux"
        }
    },
    {
        "model": "distrochooser.distribution",
        "pk": 14,
        "fields": {
            "name": "MX Linux",
            "identifier": "MXLinux",
            "fgColor": "white",
            "bgColor": "#134452",
            "logo": "",
            "url": "https://mxlinux.org/"
        }
    },
    {
        "model": "distrochooser.distribution",
        "pk": 15,
        "fields": {
            "name": "Fedora",
            "identifier": "Fedora",
            "fgColor": "white",
            "bgColor": "#3c6eb4",
            "logo": "",
            "url": "https://getfedora.org/"
        }
    },
    {
        "model": "distrochooser.distribution",
        "pk": 16,
        "fields": {
            "name": "Gentoo",
            "identifier": "Gentoo",
            "fgColor": "white",
            "bgColor": "#4d4270",
            "logo": "",
            "url": "https://www.gentoo.org/"
        }
    },
    {
        "model": "distrochooser.distribution",
        "pk": 17,
        "fields": {
            "name": "Knoppix",
            "identifier": "Knoppix",
            "fgColor": "blue",
            "bgColor": "#dddddd",
            "logo": "",
            "url": "http://www.knoppix.org/"
        }
    },
    {
        "model": "distrochooser.distribution",
        "pk": 18,
        "fields": {
            "name": "Crux Linux",
            "identifier": "CruxLinux",
            "fgColor": "black",
            "bgColor": "#dfeeee",
            "logo": "",
            "url": "https://crux.nu/"
        }
    },
    {
        "model": "distrochooser.distribution",
        "pk": 19,
        "fields": {
            "name": "Zorin OS",
            "identifier": "ZorinOS",
            "fgColor": "white",
            "bgColor": "#15a6f0",
            "logo": "",
            "url": "https://zorin.com/os/"
        }
    },
    {
        "model": "distrochooser.distribution",
        "pk": 20,
        "fields": {
            "name": "elementary OS",
            "identifier": "elementaryOS",
            "fgColor": "white",
            "bgColor": "#555761",
            "logo": "",
            "url": "https://elementary.io/"
        }
    },
    {
        "model": "distrochooser.distribution",
        "pk": 21,
        "fields": {
            "name": "qubes OS",
            "identifier": "qubesos",
            "fgColor": "black",
            "bgColor": "#f5f5f5",
            "logo": "",
            "url": "https://www.qubes-os.org/"
        }
    },
    {
        "model": "distrochooser.distribution",
        "pk": 22,
        "fields": {
            "name": "NixOS",
            "identifier": "nixOS",
            "fgColor": null,
            "bgColor": null,
            "logo": "",
            "url": null
        }
    },
    {
        "model": "distrochooser.distribution",
        "pk": 23,
        "fields": {
            "name": "Xubuntu",
            "identifier": "Xubuntu",
            "fgColor": "white",
            "bgColor": "#0c72b7",
            "logo": "",
            "url": "https://xubuntu.org/"
        }
    },
    {
        "model": "distrochooser.distribution",
        "pk": 24,
        "fields": {
            "name": "Lubuntu",
            "identifier": "Lubuntu",
            "fgColor": "white",
            "bgColor": "#3e2e53",
            "logo": "",
            "url": "https://lubuntu.me/"
        }
    },
    {
        "model": "distrochooser.distribution",
        "pk": 25,
        "fields": {
            "name": "Ubuntu MATE",
            "identifier": "UbuntuMATE",
            "fgColor": "white",
            "bgColor": "#87a556",
            "logo": "",
            "url": "https://ubuntu-mate.org/"
        }
    },
    {
        "model": "distrochooser.distribution",
        "pk": 26,
        "fields": {
            "name": "Void Linux",
            "identifier": "void",
            "fgColor": "white",
            "bgColor": "#478061",
            "logo": "",
            "url": "https://voidlinux.org/"
        }
    },
    {
        "model": "distrochooser.distribution",
        "pk": 27,
        "fields": {
            "name": "Artix",
            "identifier": "artix",
            "fgColor": "#8bf",
            "bgColor": "black",
            "logo": "",
            "url": "https://artixlinux.org/"
        }
    },
    {
        "model": "distrochooser.distribution",
        "pk": 28,
        "fields": {
            "name": "Kubuntu",
            "identifier": "kubuntu",
            "fgColor": "white",
            "bgColor": "#0079C1",
            "logo": "",
            "url": "https://kubuntu.org/"
        }
    },
    {
        "model": "distrochooser.distribution",
        "pk": 29,
        "fields": {
            "name": "Pop!_OS",
            "identifier": "popos",
            "fgColor": "white",
            "bgColor": "#48b9c7",
            "logo": "",
            "url": "https://pop.system76.com/"
        }
    },
    {
        "model": "distrochooser.distribution",
        "pk": 30,
        "fields": {
            "name": "Deepin",
            "identifier": "deepin",
            "fgColor": "white",
            "bgColor": "#2fc6ff",
            "logo": "",
            "url": "https://www.deepin.org/en/"
        }
    },
    {
        "model": "distrochooser.answerdistributionmatrix",
        "pk": 3017,
        "fields": {
            "answer": 33,
            "isBlockingHit": false,
            "isNegativeHit": false,
            "isNeutralHit": false,
            "description": "matrix-supports-daily-usage",
            "distros": [
                1,
                2,
                4,
                5,
                6,
                7,
                8,
                9,
                10,
                11,
                12,
                14,
                15,
                16,
                18,
                19,
                20,
                23,
                24,
                25,
                26,
                21,
                22,
                27,
                28,
                29,
                30
            ]
        }
    },
    {
        "model": "distrochooser.answerdistributionmatrix",
        "pk": 3018,
        "fields": {
            "answer": 33,
            "isBlockingHit": false,
            "isNegativeHit": true,
            "isNeutralHit": false,
            "description": "daily-usage-possibly-difficult",
            "distros": [
                3
            ]
        }
    },
    {
        "model": "distrochooser.answerdistributionmatrix",
        "pk": 3019,
        "fields": {
            "answer": 33,
            "isBlockingHit": false,
            "isNegativeHit": true,
            "isNeutralHit": false,
            "description": "matrix-supports-daily-usage-but-built-for-livemode",
            "distros": [
                17
            ]
        }
    },
    {
        "model": "distrochooser.answerdistributionmatrix",
        "pk": 3020,
        "fields": {
            "answer": 34,
            "isBlockingHit": true,
            "isNegativeHit": false,
            "isNeutralHit": false,
            "description": "matrix-privacy-not-beneficial",
            "distros": [
                1,
                30
            ]
        }
    },
    {
        "model": "distrochooser.answerdistributionmatrix",
        "pk": 3021,
        "fields": {
            "answer": 34,
            "isBlockingHit": false,
            "isNegativeHit": false,
            "isNeutralHit": true,
            "description": "matrix-packages-available",
            "distros": [
                2,
                4,
                5,
                6,
                7,
                8,
                9,
                10,
                11,
                12,
                14,
                15,
                16,
                17,
                18,
                23,
                24,
                25,
                19,
                20,
                21,
                22,
                26,
                27,
                29
            ]
        }
    },
    {
        "model": "distrochooser.answerdistributionmatrix",
        "pk": 3022,
        "fields": {
            "answer": 34,
            "isBlockingHit": false,
            "isNegativeHit": false,
            "isNeutralHit": false,
            "description": "built-for-anonymization",
            "distros": [
                3
            ]
        }
    },
    {
        "model": "distrochooser.answerdistributionmatrix",
        "pk": 3023,
        "fields": {
            "answer": 35,
            "isBlockingHit": false,
            "isNegativeHit": false,
            "isNeutralHit": false,
            "description": "matrix-supports-gaming-usage",
            "distros": [
                1,
                6,
                19,
                20,
                23,
                24,
                25,
                28,
                29,
                30
            ]
        }
    },
    {
        "model": "distrochooser.answerdistributionmatrix",
        "pk": 3024,
        "fields": {
            "answer": 35,
            "isBlockingHit": false,
            "isNegativeHit": true,
            "isNeutralHit": false,
            "description": "matrix-packages-may-too-old-gaming",
            "distros": [
                2,
                11,
                4,
                14
            ]
        }
    },
    {
        "model": "distrochooser.answerdistributionmatrix",
        "pk": 3025,
        "fields": {
            "answer": 35,
            "isBlockingHit": true,
            "isNegativeHit": true,
            "isNeutralHit": false,
            "description": "live-mode-only",
            "distros": [
                3
            ]
        }
    },
    {
        "model": "distrochooser.answerdistributionmatrix",
        "pk": 3026,
        "fields": {
            "answer": 35,
            "isBlockingHit": false,
            "isNegativeHit": false,
            "isNeutralHit": true,
            "description": "matrix-gaming-may-require-additional-configuration",
            "distros": [
                5,
                7,
                8,
                9,
                10,
                15,
                16,
                26,
                27
            ]
        }
    },
    {
        "model": "distrochooser.answerdistributionmatrix",
        "pk": 3027,
        "fields": {
            "answer": 35,
            "isBlockingHit": false,
            "isNegativeHit": true,
            "isNeutralHit": false,
            "description": "matrix-built-for-enterprise",
            "distros": [
                12
            ]
        }
    },
    {
        "model": "distrochooser.answerdistributionmatrix",
        "pk": 3028,
        "fields": {
            "answer": 35,
            "isBlockingHit": false,
            "isNegativeHit": true,
            "isNeutralHit": false,
            "description": "matrix-not-built-for-gaming",
            "distros": [
                17,
                18,
                21
            ]
        }
    },
    {
        "model": "distrochooser.answerdistributionmatrix",
        "pk": 3029,
        "fields": {
            "answer": 36,
            "isBlockingHit": false,
            "isNegativeHit": false,
            "isNeutralHit": false,
            "description": "matrix-beginner-knowledge",
            "distros": [
                1,
                6,
                7,
                8,
                10,
                19,
                20,
                23,
                24,
                25,
                28,
                29,
                30
            ]
        }
    },
    {
        "model": "distrochooser.answerdistributionmatrix",
        "pk": 3030,
        "fields": {
            "answer": 36,
            "isBlockingHit": false,
            "isNegativeHit": true,
            "isNeutralHit": false,
            "description": "requires-some-computer-knowledge",
            "distros": [
                2,
                3,
                4,
                5,
                11,
                12,
                14,
                16,
                17,
                18,
                21,
                9,
                26,
                22,
                27,
                15
            ]
        }
    },
    {
        "model": "distrochooser.answerdistributionmatrix",
        "pk": 3031,
        "fields": {
            "answer": 37,
            "isBlockingHit": false,
            "isNegativeHit": false,
            "isNeutralHit": true,
            "description": "matrix-computer-knowledge-higher",
            "distros": [
                1,
                6,
                8,
                10,
                20,
                23,
                24,
                25,
                30
            ]
        }
    },
    {
        "model": "distrochooser.answerdistributionmatrix",
        "pk": 3032,
        "fields": {
            "answer": 37,
            "isBlockingHit": false,
            "isNegativeHit": false,
            "isNeutralHit": false,
            "description": "matrix-requires-advanced-knowledge",
            "distros": [
                2,
                4,
                5,
                9,
                11,
                12,
                14,
                15,
                17,
                18,
                16,
                26,
                21,
                27
            ]
        }
    },
    {
        "model": "distrochooser.answerdistributionmatrix",
        "pk": 3033,
        "fields": {
            "answer": 38,
            "isBlockingHit": false,
            "isNegativeHit": false,
            "isNeutralHit": true,
            "description": "matrix-computer-knowledge-higher",
            "distros": [
                1,
                6,
                8,
                9,
                10,
                14,
                20,
                23,
                24,
                25,
                28,
                29,
                30
            ]
        }
    },
    {
        "model": "distrochooser.answerdistributionmatrix",
        "pk": 3034,
        "fields": {
            "answer": 38,
            "isBlockingHit": false,
            "isNegativeHit": false,
            "isNeutralHit": false,
            "description": "matrix-requires-advanced-knowledge",
            "distros": [
                2,
                4,
                5,
                7,
                16,
                26,
                11,
                12,
                21,
                27,
                22
            ]
        }
    },
    {
        "model": "distrochooser.answerdistributionmatrix",
        "pk": 3035,
        "fields": {
            "answer": 39,
            "isBlockingHit": false,
            "isNegativeHit": false,
            "isNeutralHit": false,
            "description": "matrix-beginner-knowledge",
            "distros": [
                1,
                6,
                7,
                8,
                10,
                19,
                20,
                23,
                24,
                25,
                28,
                29,
                30
            ]
        }
    },
    {
        "model": "distrochooser.answerdistributionmatrix",
        "pk": 3036,
        "fields": {
            "answer": 39,
            "isBlockingHit": true,
            "isNegativeHit": false,
            "isNeutralHit": false,
            "description": "matrix-not-for-beginner",
            "distros": [
                2,
                4,
                5,
                9,
                11,
                12,
                16,
                14,
                17,
                21,
                22,
                26,
                27
            ]
        }
    },
    {
        "model": "distrochooser.answerdistributionmatrix",
        "pk": 3037,
        "fields": {
            "answer": 39,
            "isBlockingHit": false,
            "isNegativeHit": true,
            "isNeutralHit": false,
            "description": "matrix-maybe-not-for-beginner",
            "distros": [
                17,
                18,
                14,
                15,
                21,
                22
            ]
        }
    },
    {
        "model": "distrochooser.answerdistributionmatrix",
        "pk": 3038,
        "fields": {
            "answer": 40,
            "isBlockingHit": false,
            "isNegativeHit": false,
            "isNeutralHit": false,
            "description": "matrix-requires-manual",
            "distros": [
                2,
                4,
                5,
                7,
                9,
                11,
                12,
                14,
                16,
                17,
                18,
                26,
                21,
                22,
                27
            ]
        }
    },
    {
        "model": "distrochooser.answerdistributionmatrix",
        "pk": 3039,
        "fields": {
            "answer": 42,
            "isBlockingHit": false,
            "isNegativeHit": false,
            "isNeutralHit": false,
            "description": "matrix-installation-assistant-present",
            "distros": [
                1,
                2,
                4,
                6,
                7,
                8,
                9,
                10,
                11,
                12,
                14,
                15,
                17,
                19,
                20,
                23,
                24,
                25,
                28,
                29,
                30
            ]
        }
    },
    {
        "model": "distrochooser.answerdistributionmatrix",
        "pk": 3040,
        "fields": {
            "answer": 42,
            "isBlockingHit": false,
            "isNegativeHit": false,
            "isNeutralHit": false,
            "description": "matrix-has-default-settings",
            "distros": [
                1,
                6,
                7,
                8,
                15,
                17,
                19,
                20,
                23,
                24,
                25,
                28,
                29,
                30
            ]
        }
    },
    {
        "model": "distrochooser.answerdistributionmatrix",
        "pk": 3041,
        "fields": {
            "answer": 42,
            "isBlockingHit": true,
            "isNegativeHit": false,
            "isNeutralHit": false,
            "description": "matrix-installation-from-shell",
            "distros": [
                16,
                5,
                26,
                27
            ]
        }
    },
    {
        "model": "distrochooser.answerdistributionmatrix",
        "pk": 3042,
        "fields": {
            "answer": 43,
            "isBlockingHit": false,
            "isNegativeHit": true,
            "isNeutralHit": false,
            "description": "matrix-installs-range-of-programs",
            "distros": [
                1,
                6,
                7,
                8,
                9,
                10,
                14,
                15,
                17,
                19,
                20,
                23,
                24,
                25,
                28,
                29,
                30
            ]
        }
    },
    {
        "model": "distrochooser.answerdistributionmatrix",
        "pk": 3043,
        "fields": {
            "answer": 43,
            "isBlockingHit": false,
            "isNegativeHit": false,
            "isNeutralHit": false,
            "description": "matrix-selection-by-user",
            "distros": [
                2,
                4,
                5,
                7,
                11,
                12,
                16,
                18,
                26,
                27
            ]
        }
    },
    {
        "model": "distrochooser.answerdistributionmatrix",
        "pk": 3044,
        "fields": {
            "answer": 44,
            "isBlockingHit": false,
            "isNegativeHit": false,
            "isNeutralHit": false,
            "description": "matrix-installation-presets-gui",
            "distros": [
                1,
                6,
                7,
                8,
                9,
                10,
                15,
                17,
                19,
                20,
                23,
                24,
                25,
                28,
                30,
                22
            ]
        }
    },
    {
        "model": "distrochooser.answerdistributionmatrix",
        "pk": 3045,
        "fields": {
            "answer": 44,
            "isBlockingHit": false,
            "isNegativeHit": false,
            "isNeutralHit": false,
            "description": "matrix-has-control-panel",
            "distros": [
                1,
                6,
                7,
                8,
                10,
                15,
                17,
                19,
                20,
                23,
                24,
                25,
                28,
                29,
                30
            ]
        }
    },
    {
        "model": "distrochooser.answerdistributionmatrix",
        "pk": 3046,
        "fields": {
            "answer": 44,
            "isBlockingHit": true,
            "isNegativeHit": false,
            "isNeutralHit": false,
            "description": "matrix-configuration-from-shell",
            "distros": [
                16,
                5
            ]
        }
    },
    {
        "model": "distrochooser.answerdistributionmatrix",
        "pk": 3047,
        "fields": {
            "answer": 45,
            "isBlockingHit": true,
            "isNegativeHit": false,
            "isNeutralHit": false,
            "description": "matrix-oldpc-no-32bit",
            "distros": [
                1,
                5,
                10,
                15,
                18,
                27,
                29,
                24,
                19,
                30
            ]
        }
    },
    {
        "model": "distrochooser.answerdistributionmatrix",
        "pk": 3048,
        "fields": {
            "answer": 45,
            "isBlockingHit": false,
            "isNegativeHit": false,
            "isNeutralHit": false,
            "description": "matrix-middleweight",
            "distros": [
                14
            ]
        }
    },
    {
        "model": "distrochooser.answerdistributionmatrix",
        "pk": 3049,
        "fields": {
            "answer": 45,
            "isBlockingHit": false,
            "isNegativeHit": false,
            "isNeutralHit": false,
            "description": "matrix-has-high-range-hardware-support",
            "distros": [
                17
            ]
        }
    },
    {
        "model": "distrochooser.answerdistributionmatrix",
        "pk": 3050,
        "fields": {
            "answer": 45,
            "isBlockingHit": false,
            "isNegativeHit": false,
            "isNeutralHit": false,
            "description": "matrix-has-zorin-lite-version",
            "distros": [
                19
            ]
        }
    },
    {
        "model": "distrochooser.answerdistributionmatrix",
        "pk": 3051,
        "fields": {
            "answer": 45,
            "isBlockingHit": false,
            "isNegativeHit": true,
            "isNeutralHit": false,
            "description": "matrix-oldpc-no-32bit",
            "distros": [
                4,
                5,
                8,
                9,
                10,
                11,
                12,
                15,
                18,
                20,
                21,
                23,
                25,
                27,
                28,
                29,
                1,
                3,
                6,
                24,
                19,
                30
            ]
        }
    },
    {
        "model": "distrochooser.answerdistributionmatrix",
        "pk": 3052,
        "fields": {
            "answer": 45,
            "isBlockingHit": false,
            "isNegativeHit": false,
            "isNeutralHit": false,
            "description": "matrix-lightweight",
            "distros": [
                25,
                20,
                23,
                24
            ]
        }
    },
    {
        "model": "distrochooser.answerdistributionmatrix",
        "pk": 3053,
        "fields": {
            "answer": 47,
            "isBlockingHit": false,
            "isNegativeHit": false,
            "isNeutralHit": false,
            "description": "matrix-tutorial",
            "distros": [
                2,
                3,
                4,
                5,
                7,
                11,
                12,
                14,
                15,
                16,
                17,
                18,
                26,
                22,
                21,
                27
            ]
        }
    },
    {
        "model": "distrochooser.answerdistributionmatrix",
        "pk": 3054,
        "fields": {
            "answer": 48,
            "isBlockingHit": false,
            "isNegativeHit": false,
            "isNeutralHit": false,
            "description": "matrix-user-exchange",
            "distros": [
                1,
                6,
                8,
                9,
                10,
                19,
                20,
                23,
                24,
                25,
                28,
                29
            ]
        }
    },
    {
        "model": "distrochooser.answerdistributionmatrix",
        "pk": 3055,
        "fields": {
            "answer": 49,
            "isBlockingHit": false,
            "isNegativeHit": false,
            "isNeutralHit": false,
            "description": "matrix-has-windows-like-variant-cinnamon",
            "distros": [
                6
            ]
        }
    },
    {
        "model": "distrochooser.answerdistributionmatrix",
        "pk": 3056,
        "fields": {
            "answer": 49,
            "isBlockingHit": false,
            "isNegativeHit": false,
            "isNeutralHit": false,
            "description": "matrix-has-windows-like-variant",
            "distros": [
                24,
                17,
                10,
                19,
                28
            ]
        }
    },
    {
        "model": "distrochooser.answerdistributionmatrix",
        "pk": 3057,
        "fields": {
            "answer": 50,
            "isBlockingHit": false,
            "isNegativeHit": false,
            "isNeutralHit": false,
            "description": "matrix-mac-like",
            "distros": [
                29,
                30
            ]
        }
    },
    {
        "model": "distrochooser.answerdistributionmatrix",
        "pk": 3058,
        "fields": {
            "answer": 51,
            "isBlockingHit": false,
            "isNegativeHit": false,
            "isNeutralHit": false,
            "description": "matrix-closed-expierience",
            "distros": [
                1,
                6,
                7,
                8,
                10,
                19,
                20,
                23,
                24,
                25,
                28,
                29,
                30
            ]
        }
    },
    {
        "model": "distrochooser.answerdistributionmatrix",
        "pk": 3059,
        "fields": {
            "answer": 52,
            "isBlockingHit": false,
            "isNegativeHit": false,
            "isNeutralHit": false,
            "description": "matrix-without-fee",
            "distros": [
                1,
                2,
                3,
                4,
                5,
                6,
                7,
                8,
                9,
                10,
                11,
                14,
                15,
                16,
                17,
                18,
                19,
                20,
                23,
                24,
                25,
                26,
                21,
                27,
                28,
                29,
                22,
                30
            ]
        }
    },
    {
        "model": "distrochooser.answerdistributionmatrix",
        "pk": 3060,
        "fields": {
            "answer": 53,
            "isBlockingHit": false,
            "isNegativeHit": false,
            "isNeutralHit": false,
            "description": "matrix-paid-version-existing",
            "distros": [
                1,
                7,
                12,
                19,
                20
            ]
        }
    },
    {
        "model": "distrochooser.answerdistributionmatrix",
        "pk": 3061,
        "fields": {
            "answer": 54,
            "isBlockingHit": false,
            "isNegativeHit": false,
            "isNeutralHit": false,
            "description": "matrix-fullinstall",
            "distros": [
                1,
                4,
                6,
                7,
                8,
                9,
                10,
                11,
                12,
                14,
                15,
                17,
                19,
                20,
                23,
                24,
                25,
                28,
                29,
                30
            ]
        }
    },
    {
        "model": "distrochooser.answerdistributionmatrix",
        "pk": 3062,
        "fields": {
            "answer": 55,
            "isBlockingHit": false,
            "isNegativeHit": false,
            "isNeutralHit": false,
            "description": "matrix-selection-by-user",
            "distros": [
                16,
                2,
                18,
                5,
                26,
                21,
                22,
                27
            ]
        }
    },
    {
        "model": "distrochooser.answerdistributionmatrix",
        "pk": 3063,
        "fields": {
            "answer": 56,
            "isBlockingHit": true,
            "isNegativeHit": false,
            "isNeutralHit": false,
            "description": "matrix-free-software-unfree-per-default",
            "distros": [
                1,
                6,
                9,
                10,
                20,
                23,
                24,
                25,
                29
            ]
        }
    },
    {
        "model": "distrochooser.answerdistributionmatrix",
        "pk": 3064,
        "fields": {
            "answer": 56,
            "isBlockingHit": false,
            "isNegativeHit": false,
            "isNeutralHit": false,
            "description": "matrix-free-userselection",
            "distros": [
                2,
                4,
                5,
                11,
                16,
                27
            ]
        }
    },
    {
        "model": "distrochooser.answerdistributionmatrix",
        "pk": 3065,
        "fields": {
            "answer": 56,
            "isBlockingHit": false,
            "isNegativeHit": false,
            "isNeutralHit": false,
            "description": "matrix-enforces-free",
            "distros": [
                15
            ]
        }
    },
    {
        "model": "distrochooser.answerdistributionmatrix",
        "pk": 3066,
        "fields": {
            "answer": 57,
            "isBlockingHit": false,
            "isNegativeHit": false,
            "isNeutralHit": false,
            "description": "matrix-free-software-unfree-per-default",
            "distros": [
                1,
                6,
                9,
                10,
                19,
                20,
                23,
                24,
                25,
                28,
                29,
                30
            ]
        }
    },
    {
        "model": "distrochooser.answerdistributionmatrix",
        "pk": 3067,
        "fields": {
            "answer": 58,
            "isBlockingHit": true,
            "isNegativeHit": false,
            "isNeutralHit": false,
            "description": "matrix-privacy-thirdparty",
            "distros": []
        }
    },
    {
        "model": "distrochooser.answerdistributionmatrix",
        "pk": 3068,
        "fields": {
            "answer": 58,
            "isBlockingHit": false,
            "isNegativeHit": false,
            "isNeutralHit": false,
            "description": "matrix-user-selection-affects-privacy",
            "distros": [
                2,
                3,
                4,
                5,
                6,
                7,
                8,
                9,
                10,
                11,
                12,
                14,
                15,
                16,
                17,
                18,
                19,
                26,
                21,
                27
            ]
        }
    },
    {
        "model": "distrochooser.answerdistributionmatrix",
        "pk": 3069,
        "fields": {
            "answer": 58,
            "isBlockingHit": false,
            "isNegativeHit": false,
            "isNeutralHit": false,
            "description": "matrix-supports-privacy",
            "distros": [
                20
            ]
        }
    },
    {
        "model": "distrochooser.answerdistributionmatrix",
        "pk": 3070,
        "fields": {
            "answer": 59,
            "isBlockingHit": false,
            "isNegativeHit": true,
            "isNeutralHit": false,
            "description": "matrix-privacy-thirdparty",
            "distros": [
                1
            ]
        }
    },
    {
        "model": "distrochooser.answerdistributionmatrix",
        "pk": 3071,
        "fields": {
            "answer": 60,
            "isBlockingHit": false,
            "isNegativeHit": false,
            "isNeutralHit": false,
            "description": "matrix-appstore",
            "distros": [
                1,
                6,
                7,
                8,
                9,
                10,
                19,
                20,
                23,
                24,
                25,
                28,
                29
            ]
        }
    },
    {
        "model": "distrochooser.answerdistributionmatrix",
        "pk": 3072,
        "fields": {
            "answer": 61,
            "isBlockingHit": false,
            "isNegativeHit": false,
            "isNeutralHit": true,
            "description": "matrix-console",
            "distros": [
                1,
                20,
                23,
                24,
                25,
                28,
                29
            ]
        }
    },
    {
        "model": "distrochooser.answerdistributionmatrix",
        "pk": 3073,
        "fields": {
            "answer": 61,
            "isBlockingHit": false,
            "isNegativeHit": false,
            "isNeutralHit": false,
            "description": "matrix-administration-shell",
            "distros": [
                2,
                3,
                4,
                5,
                11,
                12,
                14,
                15,
                16,
                17,
                18,
                26,
                21,
                22,
                27
            ]
        }
    },
    {
        "model": "distrochooser.answerdistributionmatrix",
        "pk": 3074,
        "fields": {
            "answer": 64,
            "isBlockingHit": true,
            "isNegativeHit": false,
            "isNeutralHit": false,
            "description": "matrix-uses-systemd",
            "distros": [
                1,
                2,
                3,
                6,
                7,
                8,
                9,
                11,
                12,
                15,
                19,
                20,
                23,
                24,
                25,
                5,
                28,
                29,
                30
            ]
        }
    },
    {
        "model": "distrochooser.answerdistributionmatrix",
        "pk": 3075,
        "fields": {
            "answer": 64,
            "isBlockingHit": false,
            "isNegativeHit": false,
            "isNeutralHit": false,
            "description": "matrix-avoids-systemd",
            "distros": [
                17,
                10,
                18,
                4,
                27
            ]
        }
    },
    {
        "model": "distrochooser.answerdistributionmatrix",
        "pk": 3076,
        "fields": {
            "answer": 64,
            "isBlockingHit": false,
            "isNegativeHit": false,
            "isNeutralHit": false,
            "description": "systemd-is-avoidable-per-selection",
            "distros": [
                16,
                26
            ]
        }
    },
    {
        "model": "distrochooser.answerdistributionmatrix",
        "pk": 3077,
        "fields": {
            "answer": 64,
            "isBlockingHit": false,
            "isNegativeHit": false,
            "isNeutralHit": false,
            "description": "matrix-ships-systemd-but-disabled",
            "distros": [
                14
            ]
        }
    },
    {
        "model": "distrochooser.answerdistributionmatrix",
        "pk": 3078,
        "fields": {
            "answer": 62,
            "isBlockingHit": false,
            "isNegativeHit": false,
            "isNeutralHit": false,
            "description": "matrix-updates-fast",
            "distros": [
                5,
                8,
                9,
                10,
                16,
                18,
                26,
                27,
                15
            ]
        }
    },
    {
        "model": "distrochooser.answerdistributionmatrix",
        "pk": 3079,
        "fields": {
            "answer": 63,
            "isBlockingHit": false,
            "isNegativeHit": false,
            "isNeutralHit": false,
            "description": "matrix-stable-updates",
            "distros": [
                1,
                2,
                3,
                4,
                6,
                7,
                12,
                14,
                17,
                19,
                20,
                23,
                24,
                25,
                28,
                11,
                29,
                30,
                22
            ]
        }
    },
    {
        "model": "distrochooser.answerdistributionmatrix",
        "pk": 3080,
        "fields": {
            "answer": 62,
            "isBlockingHit": false,
            "isNegativeHit": true,
            "isNeutralHit": false,
            "description": "debian-updates-slow",
            "distros": [
                2
            ]
        }
    },
    {
        "model": "distrochooser.answerdistributionmatrix",
        "pk": 3081,
        "fields": {
            "answer": 65,
            "isBlockingHit": false,
            "isNegativeHit": false,
            "isNeutralHit": false,
            "description": "matrix-runs-in-isolation",
            "distros": [
                21
            ]
        }
    },
    {
        "model": "distrochooser.answerdistributionmatrix",
        "pk": 3082,
        "fields": {
            "answer": 66,
            "isBlockingHit": false,
            "isNegativeHit": false,
            "isNeutralHit": false,
            "description": "matrix-knoppix-adriane",
            "distros": [
                17
            ]
        }
    },
    {
        "model": "distrochooser.answerdistributionmatrix",
        "pk": 3083,
        "fields": {
            "answer": 66,
            "isBlockingHit": false,
            "isNegativeHit": false,
            "isNeutralHit": false,
            "description": "matrix-has-software-for-blind",
            "distros": [
                1,
                2,
                4,
                5,
                6,
                7,
                8,
                9,
                10,
                11,
                12,
                14,
                15,
                16,
                18,
                19,
                20,
                21,
                22,
                23,
                24,
                25,
                26,
                27,
                29
            ]
        }
    },
    {
        "model": "distrochooser.answerdistributionmatrix",
        "pk": 3084,
        "fields": {
            "answer": 67,
            "isBlockingHit": false,
            "isNegativeHit": false,
            "isNeutralHit": false,
            "description": "matrix-has-live-mode",
            "distros": [
                1,
                4,
                6,
                7,
                8,
                9,
                10,
                15,
                17,
                19,
                20,
                21,
                23,
                24,
                25,
                26,
                29,
                30
            ]
        }
    },
    {
        "model": "distrochooser.answerdistributionmatrix",
        "pk": 3085,
        "fields": {
            "answer": 63,
            "isBlockingHit": false,
            "isNegativeHit": false,
            "isNeutralHit": true,
            "description": "slow-release-model",
            "distros": [
                2,
                11
            ]
        }
    },
    {
        "model": "distrochooser.answerdistributionmatrix",
        "pk": 3086,
        "fields": {
            "answer": 52,
            "isBlockingHit": true,
            "isNegativeHit": false,
            "isNeutralHit": false,
            "description": "requires-payment",
            "distros": [
                12
            ]
        }
    },
    {
        "model": "distrochooser.answerdistributionmatrix",
        "pk": 3087,
        "fields": {
            "answer": 44,
            "isBlockingHit": false,
            "isNegativeHit": false,
            "isNeutralHit": true,
            "description": "matrix-configuration-from-shell",
            "distros": [
                27
            ]
        }
    },
    {
        "model": "distrochooser.answerdistributionmatrix",
        "pk": 3088,
        "fields": {
            "answer": 58,
            "isBlockingHit": false,
            "isNegativeHit": false,
            "isNeutralHit": true,
            "description": "matrix-general-remark-additional-eula",
            "distros": [
                30
            ]
        }
    },
    {
        "model": "distrochooser.answerdistributionmatrix",
        "pk": 3089,
        "fields": {
            "answer": 59,
            "isBlockingHit": false,
            "isNegativeHit": false,
            "isNeutralHit": true,
            "description": "matrix-general-remark-additional-eula",
            "distros": [
                1,
                30
            ]
        }
    }
]
